product_id,Name-EN,Name-JP,Net Weight,Category,Nutrition,Ingredients
1,AKAI KITSUNE UDON EAST,赤いきつねうどん東,96 G,CUP NOODLES,"{""Per"": ""96 g"", ""Energy"": ""412 kcal"", ""Protein"": ""9.9 g"", ""Fat"": ""18.0 g"", ""Carbohydrate"": ""52.6 g"", ""Salt equivalent"": ""5.80 g""}","Fried noodles (wheat flour (made in Japan), vegetable oil and fat, starch, salt, vegetable protein, dried yeast, egg white), kayaku (seasoned fried tofu, egg, fish cake), seasoning (salt, soy sauce, bonito powder, protein hydrolysate, kelp powder, spices, powdered sesame paste, leek, sugar, vegetable oil, bonito extract)/processed starch, seasoning (amino acid, etc.), sodium phosphate, calcium carbonate, caramel color, lecithin, polysaccharide thickener, antioxidant (vitamin E), benikoji dye, vitamin B2, vitamin B1, carotene dye, (Some ingredients: wheat, eggs, milk ingredients, soybeans, gelatin)"
2,MIDORI NO TANUKI TENSOBA EAST,緑のたぬき天そば東,101 G,CUP NOODLES,"{""Per"": ""101 g"", ""Energy"": ""482 kcal"", ""Protein"": ""11.8 g"", ""Fat"": ""24.3 g"", ""Carbohydrate"": ""53.9 g"", ""Salt equivalent"": ""5.80 g""}","Fried noodles (wheat flour (made in Japan), buckwheat flour, vegetable oil and fat, vegetable protein, salt, yam, egg white), kayaku (small shrimp tempura, fish cake), seasoning (sugar, salt, soy sauce, protein hydrolysate, dried bonito powder, spices, dried bonito powder, scallions, aromatic oil) / processed starch, seasoning ( Amino acid, etc.), calcium carbonate, caramel color, phosphate (Na), polysaccharide thickener, lecithin, antioxidant (vitamin E), gardenia color, benikoji color, flavor, vitamin B2, vitamin B1, carotene color, spice extract, (Some ingredients: shrimp, wheat, buckwheat, egg, milk ingredients, soybean, pork, yam Gelatin)"
3,SHIROI CHIKARA MOCHI UDON,白い力もちうどん,109 G,CUP NOODLES,"{""Per"": ""109 g"", ""Energy"": ""425 kcal"", ""Protein"": ""8.3 g"", ""Fat"": ""15.5 g"", ""Carbohydrate"": ""63.0 g"", ""Salt equivalent"": ""4.70 g""}","Fried noodles (wheat flour (made in Japan), vegetable oil and fat, starch, salt, vegetable protein, dried yeast, egg white), kayaku (glutinous rice cake, seasoned deep-fried tofu, fried bean curd, fish cake), seasoning (salt, sugar, soy sauce, seafood extract, kelp powder, spices, green onion, protein hydrolysate, chicken extract, vegetable oil) / processed Starch, seasoning (amino acid, etc.), sodium phosphate, calcium carbonate, lecithin, caramel color, polysaccharide thickener, antioxidant (vitamin E), acidifier, safflower color, vitamin B2, vitamin B1, carotene color"
4,JAPANESE BLACK TEA UNSWEETENED,和の紅茶無糖アイスティー,500 ML,TEA,"{""Per"": ""100 ml"", ""Energy"": ""0 kcal"", ""Protein"": ""0.0 g"", ""Fat"": ""0.0 g"", ""Carbohydrate"": ""0.0 g"", ""Salt equivalent"": ""0.02 g""}","Black tea (Kagoshima) / Flavoring, Vitamin C"
5,JUROKUCHA 2L,十六茶 2L,2 L,TEA,"{""Per"": ""100 ml"", ""Energy"": ""0 kcal"", ""Protein"": ""0.0 g"", ""Fat"": ""0.0 g"", ""Carbohydrate"": ""0.0 g"", ""Salt equivalent"": ""0.02 g""}","Adlay (Thai, Laotian, other), barley, habu tea, germinated barley, rice, corn, loquat leaves, dandelion root, burdock root, sweet potato, millet, persimmon leaves, tangerine peel, red beans, jujube, yuzu peel / Vitamin C"
6,JUROKUCHA CAN 275g,十六茶缶275g,275 G,TEA,"{""Per"": ""100 g"", ""Energy"": ""0 kcal"", ""Protein"": ""0.0 g"", ""Fat"": ""0.0 g"", ""Carbohydrate"": ""0.0 g"", ""Salt equivalent"": ""0.02 g""}","Adlay (Thai, Laotian, other), barley, habu tea, germinated barley, rice, corn, loquat leaves, dandelion root, burdock root, sweet potato, millet, persimmon leaves, tangerine peel, red beans, jujube, yuzu peel / Vitamin C"
7,RICH COCOA 190G CAN,濃厚ココア190g缶,190 G,BEVERAGE,"{""Per"": ""100 ml"", ""Energy"": ""30 kcal"", ""Protein"": ""0.6 g"", ""Fat"": ""0.3 g"", ""Carbohydrate"": ""6.2 g"", ""Salt equivalent"": ""0.11 g""}","Sugar (manufactured in Japan and Korea), cocoa powder, whole milk powder, chocolate syrup, dextrin, salt / cellulose, emulsifier, stabilizer (polysaccharide thickener), sweetener (acesulfame K), flavor, (some dairy ingredients included)"
8,WONDA DEEP TASTE BLACK 400G,ワンダコクの深味ブラック400g,400 G,COFFEE,"{""Per"": ""100 g"", ""Energy"": ""0 kcal"", ""Protein"": ""0.0 g"", ""Fat"": ""0.0 g"", ""Carbohydrate"": ""0.7 g"", ""Salt equivalent"": ""0.05 g""}","Coffee (coffee beans (Brazilian, Vietnamese, other)) / flavorings, emulsifiers"
9,WONDA SUNNY MOMENT,ワンダ 晴れのひととき,185 G  ,COFFEE,"{""Per"": ""100 g"", ""Energy"": ""17 kcal"", ""Protein"": ""0.5 g"", ""Fat"": ""0.4 g"", ""Carbohydrate"": ""2.8 g"", ""Salt equivalent"": ""0.10 g""}"," Milk (produced in Japan), coffee, sugar, casein sodium, emulsifier, flavor, antioxidant (vitamin C), sweetener (acesulfame K)"
10,WONDA DEEP TASTE CAFE AU LAIT 260G,ワンダコクの深味カフェオレ260g,260 G ,COFFEE,"{""Per"": ""100 g"", ""Energy"": ""27 kcal"", ""Protein"": ""1.1 g"", ""Fat"": ""0.8 g"", ""Carbohydrate"": ""3.8 g"", ""Salt equivalent"": ""0.13 g""}"," Milk (produced in Japan), coffee, sugar, skimmed milk powder, whole milk powder, dextrin, cream, salt / flavor, emulsifier, casein sodium, sweetener (acesulfame K, sucralose)"
11,BLEND M COFFEE,ブレンド Mコーヒー,250 G ,COFFEE,"{""Per"": ""100 g"", ""Energy"": ""39 kcal"", ""Protein"": ""0.7 g"", ""Fat"": ""0.7 g"", ""Carbohydrate"": ""7.6 g"", ""Salt equivalent"": ""0.10 g""}"," Milk (produced in Japan), sugar, coffee, skimmed milk powder, dextrin/emulsifier, stabilizer (carrageenan)"
12,,ブレンド THE BLACK,185 G   ,COFFEE,"{""Per"": ""100 g"", ""Energy"": ""0 kcal"", ""Protein"": ""0.0 g"", ""Fat"": ""0.0 g"", ""Carbohydrate"": ""0.0 g"", ""Salt equivalent"": ""0.05 g""}","Coffee (coffee beans (Colombia, Tanzania, etc.))"
13,BEWARE SOUR LEMON,アイスコーヒー,280 G,COFFEE,"{""Per"": ""280 g"", ""Energy"": ""73 kcal"", ""Protein"": ""1.4 g"", ""Fat"": ""0.6 g"", ""Carbohydrate"": ""15.4 g"", ""Salt equivalent"": ""0.20 g""}","Sugar (manufactured in Japan), coffee, whole milk powder, skimmed milk powder/flavoring, emulsifier"
14,CAFÉ AU LAIT,カフェオレ,185 G,COFFEE,"{""Per"": ""185 g"", ""Energy"": ""83 kcal"", ""Protein"": ""2.0 g"", ""Fat"": ""1.7 g"", ""Carbohydrate"": ""14.8 g"", ""Salt equivalent"": ""0.10 g""}","Milk (manufactured in Miyazaki Prefecture), sugar, food made mainly from milk, coffee (coffee beans (Ethiopia)), skimmed milk powder, whole milk powder, syrup/flavoring, emulsifier, casein sodium, cellulose, stabilizer (carrageenan), (some milk ingredients and gelatin are included"
15,UCC BLACK SUGAR FREE SPECIALTY COFFEE BLEND RICH,無糖スペシャルティコーヒーブレンド リッチャブ,275 G,COFFEE,"{""Per"": ""100 ml"", ""Energy"": ""0 kcal"", ""Protein"": ""0.0 g"", ""Fat"": ""0.0 g"", ""Carbohydrate"": ""0.4 g"", ""Salt equivalent"": ""0.00 g""}",Coffee (manufactured in Japan)
16,UCC COLD BREW BLACK,UCC Cold Brew BLACK,500 ML,COFFEE,"{""Per"": ""100 ml"", ""Energy"": ""0 kcal"", ""Protein"": ""0.0 g"", ""Fat"": ""0.0 g"", ""Carbohydrate"": ""0.5 g"", ""Salt equivalent"": ""0.00 g""}", Coffee (manufactured in Japan)
17,VEGETABLE JUICE FOR ONE DAY LIGHT,野菜一日これ一本Light,200 ML,JUICE,"{""Per"": ""200 ml"", ""Energy"": ""32 kcal"", ""Protein"": ""1.7 g"", ""Fat"": ""0.0 g"", ""Carbohydrate"": ""6.8 g"", ""Salt equivalent"": ""0.10 g""}"," Vegetables (Chinese cabbage (Polish, Chilean), tomatoes, red perilla, carrots, kale, mekabetsu (petitvale), green pepper, spinach, broccoli, Ashitaba, beet, Chinese cabbage, komatsuna, pumpkin, parsley, watercress, asparagus, celery, ginger, corn, burdock, green peas, purple potatoes, cabbage, lettuce, onions, radish, purple cabbage, cauliflower, eggplant), lemon juice"
18,SUPER CONCENTRATED CALCIUM & MAGNESIUM,野菜一日これ一本超濃縮カルシウム&マグネシウム,125 ML,JUICE,"{""Per"": ""125 ml"", ""Energy"": ""58 kcal"", ""Protein"": ""1.8 g"", ""Fat"": ""0.0 g"", ""Carbohydrate"": ""13.5 g"", ""Salt equivalent"": ""0.20 g""}"," Vegetables (tomatoes (imported), carrots, Chinese cabbage, kale, red pepper, spinach, broccoli, red cabbage, beet, Chinese cabbage, komatsuna, pumpkin, parsley, watercress, asparagus, celery, ginger, corn, burdock, green peas, purple potato (cabbage, lettuce, onion, radish, purple cabbage, red cabbage, cauliflower, eggplant), lemon juice"
19,VEGETABLE LIFE 100 BERRY SALAD,野菜生活100ベリーサラダ,200 ML,JUICE,"{""Per"": ""200 ml"", ""Energy"": ""78 kcal"", ""Protein"": ""0.8 g"", ""Fat"": ""0.0 g"", ""Carbohydrate"": ""18.9 g"", ""Salt equivalent"": ""0.10 g""}","Vegetables (carrots (imported and domestic), purple potatoes, purple cabbage, red perilla, Chinese cabbage, broccoli, kale, asparagus, cabbage (petitvale), parsley, celery, spinach, lettuce, pumpkin, watercress, beet, red bell pepper, cabbage, onion, radish), fruits (apples, grapes citric acid, flavorings, ferric pyrophosphate)"
20,ALMOND BREEZE LIGHTLY SWEETENED,アーモンド・ブリーズ微糖,200 ML ,JUICE,"{""Per"": ""200 ml"", ""Energy"": ""60 kcal"", ""Protein"": ""1.3 g"", ""Fat"": ""4.0 g"", ""Carbohydrate"": ""5.3 g"", ""Salt equivalent"": ""0.42 g""}","Almond milk (not cow's milk) made with almonds from California. Almond paste (made in U.S.A.), sugar, salt, dietary fiber, vegetable oil and fat/cellulose, emulsifier, flavor, calcium phosphate, stabilizer (polysaccharide thickener), pH adjuster, vitamin E, (contains almonds)"
21,SUMMER FRUIT PINEAPPLE & CITRUS LEMON,夏のフルーツこれ一本パイン&シトラスレモンブレンド,200 ML,JUICE,"{""Per"": ""200 ml"", ""Energy"": ""88 kcal"", ""Protein"": ""0.3 g"", ""Fat"": ""0.0 g"", ""Carbohydrate"": ""22.1 g"", ""Salt equivalent"": ""0.02 g""}"," Fruits (apple (imported), pineapple, mango, lemon, banana, passion fruit, acerola) / citric acid, vitamin C, flavor, vitamin B2, vitamin B12"
22,YOUR JOB'S TEARS BLENDED TEA,あなたのはと麦ブレンド茶,500 ML,RICE TEA,"{""Per"": ""100 ml"", ""Energy"": ""0 kcal"", ""Protein"": ""0.0 g"", ""Fat"": ""0.0 g"", ""Carbohydrate"": ""0.0 g"", ""Salt equivalent"": ""0.01 g""}"," Adlay, barley, brown rice, wild plant extracted minerals, habu tea, Eucommia tea, guava leaf, banaba leaf, reishi mushroom, ginseng, dokudami, shiitake mushroom, persimmon leaf, mandarin orange peel, wolfberry leaf, mugwort, kumazasa bamboo, amachazuru, soybean, kelp / vitamin C', 'Energy': '0 kcal Protein: 0.0 g Fat: 0.0 g Carbohydrate: 0.0 g Salt equivalent: 0.01 g  Ingredients: Adlay, barley, brown rice, wild plant extracted minerals, habu tea, Eucommia tea, guava leaf, banaba leaf, reishi mushroom, ginseng, dokudami, shiitake mushroom, persimmon leaf, mandarin orange peel, wolfberry leaf, mugwort, kumazasa bamboo, amachazuru, soybean, kelp / vitamin C', 'Protein': '0.0 g Fat: 0.0 g Carbohydrate: 0.0 g Salt equivalent: 0.01 g  Ingredients: Adlay, barley, brown rice, wild plant extracted minerals, habu tea, Eucommia tea, guava leaf, banaba leaf, reishi mushroom, ginseng, dokudami, shiitake mushroom, persimmon leaf, mandarin orange peel, wolfberry leaf, mugwort, kumazasa bamboo, amachazuru, soybean, kelp / vitamin C', 'Fat': '0.0 g Carbohydrate: 0.0 g Salt equivalent:  Adlay, barley, brown rice, wild plant extracted minerals, habu tea, Eucommia tea, guava leaf, banaba leaf, reishi mushroom, ginseng, dokudami, shiitake mushroom, persimmon leaf, mandarin orange peel, wolfberry leaf, mugwort, kumazasa bamboo, amachazuru, soybean, kelp / vitamin C', 'Carbohydrate': '0.0 g Salt equivalent: 0.01 g  Ingredients: Adlay, barley, brown rice, wild plant extracted minerals, habu tea, Eucommia tea, guava leaf, banaba leaf, reishi mushroom, ginseng, dokudami, shiitake mushroom, persimmon leaf, mandarin orange peel, wolfberry leaf, mugwort, kumazasa bamboo, amachazuru, soybean, kelp / vitamin C"
23,YOUR MATCHA AND BROWN RICE TEA,あなたの抹茶入り玄米茶,500 ML,RICE TEA,"{""Per"": ""100 ml"", ""Energy"": ""0 kcal"", ""Protein"": ""0.0 g"", ""Fat"": ""0.0 g"", ""Carbohydrate"": ""0.0 g"", ""Salt equivalent"": ""0.00 g""}"," Roasted rice, green tea (domestic), vitamin C"
24,CALPIS CONCENTRATE,カルピス 希釈用,470 ML,SOFT DRINKS,"{""Per"": ""100 ml"", ""Energy"": ""46 kcal"", ""Protein"": ""0.4 g"", ""Fat"": ""0.0 g"", ""Carbohydrate"": ""11.0 g"", ""Salt equivalent"": ""0.00 g""}","Milk (produced in Japan), sugar/flavoring, soy polysaccharides"
25,CALPIS 60% LESS SUGAR CONCENTRATE,カルピス 糖質60％オフ 希釈用,470 ML,SOFT DRINKS,"{""Per"": ""100 ml"", ""Energy"": ""16 kcal"", ""Protein"": ""0.4 g"", ""Fat"": ""0.0 g"", ""Carbohydrate"": ""3.8 g"", ""Salt equivalent"": ""0.04 g""}","Milk (produced in Japan), sugar, salt/flavoring, acidifier, stabilizer (pectin), sweetener (aspartame L-phenylalanine compound, acesulfame K, sucralose"
26,CALPIS MELON CREAM CAN 350ml,カルピスメロンクリームソーダ缶350ml,350 ML,SOFT DRINKS,"{""Per"": ""100 ml"", ""Energy"": ""31 kcal"", ""Protein"": ""0.2 g"", ""Fat"": ""0.0 g"", ""Carbohydrate"": ""7.6 g"", ""Salt equivalent"": ""0.06 g""}","Fructose glucose liquid sugar (manufactured in Japan), melon juice, powdered skimmed milk, lactic acid beverage, ice cream/carbonic acid, acidulant, stabilizer (soy polysaccharide), flavor, safflower yellow, sweetener (aspartame L-phenylalanine compound, acesulfame K), gardenia blue color"
27,CALPIS PREMIUM STRAWBERRY,カルピスプレミアムいちご,430 ML,SOFT DRINKS,"{""Per"": ""100 ml"", ""Energy"": ""47 kcal"", ""Protein"": ""0.4 g"", ""Fat"": ""0.0 g"", ""Carbohydrate"": ""11.0 g"", ""Salt equivalent"": ""0.06 g""}","Fructose glucose liquid sugar (manufactured in Japan), strawberry juice, skimmed milk powder, lactic acid bacteria beverage, strawberry extract, strawberry syrup/acidifier, stabilizer (soy polysaccharide), flavor, vegetable color, sweetener (sucralose, acesulfame K)"
28,DEDEKAMIN 500ml,ドデカミン500ml,500 ML,SPORTS DRINK,"{""Per"": ""100 ml"", ""Energy"": ""19 kcal"", ""Protein"": ""0.0 g"", ""Fat"": ""0.0 g"", ""Carbohydrate"": ""4.7 g"", ""Salt equivalent"": ""0.10 g""}","Fructose glucose liquid sugar (manufactured in Japan), salt, ginseng extract, prepared royal jelly, guarana, maca/carbonic acid, acidulant, flavor, V.C., sweetener (acesulfame K, aspartame L-phenylalanine compound), carotene dye, caffeine, arginine, alanine, glycine, leucine, niacin, isoleucine, valine, V.B6"
29,DEDEKAMIN STRONG CAN 300ml,ドデカミンストロング缶300ml,300 ML,SPORTS DRINK,"{""Per"": ""100 ml"", ""Energy"": ""19 kcal"", ""Protein"": ""0.0 g"", ""Fat"": ""0.0 g"", ""Carbohydrate"": ""4.7 g"", ""Salt equivalent"": ""0.10 g""}"," Fructose glucose liquid sugar (manufactured in Japan), salt, ginseng extract, prepared royal jelly, guarana, maca/carbonic acid, acidulant, flavor, V.C., sweetener (acesulfame K, aspartame L-phenylalanine compound), carotene dye, caffeine, arginine, alanine, glycine, leucine, niacin, isoleucine, valine, V.B6"
30,MIRACLE BODY V CAN 190g,ミラクルボディV 缶190g,190 G,SPORTS DRINK,"{""Per"": ""100 g"", ""Energy"": ""40 kcal"", ""Protein"": ""0.0 g"", ""Fat"": ""0.0 g"", ""Carbohydrate"": ""10.0 g"", ""Salt equivalent"": ""0.05 g""}"," Sugar (fructose glucose liquid sugar (manufactured in Japan), sugar), honey, guarana extract, ginseng extract/carbonic acid, acidifier, flavor, vitamin C, taurine (extract), caffeine, potassium chloride, sodium glutamate, sodium aspartate, vitamin B2, niacin, vitamin B6, soluble vitamin P, lysine, isoleucine, threonine"
31,YOUR ROOIBOS TEA,あなたのルイボスティー,500 ML,ROOIBOS TEA,"{""Per"": ""100 ml"", ""Energy"": ""0 kcal"", ""Protein"": ""0.0 g"", ""Fat"": ""0.0 g"", ""Carbohydrate"": ""0.0 g"", ""Salt equivalent"": ""0.01 g""}","Rooibos tea, vitamin C"
32,LUMONDO DE CRUNCHY CREPE,ルマンドdeグランチクレープ,110 ML,ICE CREAM,"{""Per"": ""110 ml"", ""Energy"": ""168 kcal"", ""Protein"": ""2.0 g"", ""Fat"": ""9.0 g"", ""Carbohydrate"": ""20.3 g"", ""Salt equivalent"": ""0.06 g""}","Quasi-chocolate (vegetable oil and fat (including soybean), sugar, cacao mass, whole milk powder, lactose, cocoa powder) (manufactured in Japan), cookies (wheat flour, sugar, margarine (including milk ingredients), syrup, liquid whole egg, maltose, salt, vegetable oil and fat), sugar, glucose, vegetable oil and fat, skimmed milk powder, maltose, syrup, cocoa powder, isomerized liquid sugar, creaming powder (containing dairy ingredients), emulsifier (from soybeans), stabilizer (polysaccharide thickener), flavor (from milk), leavening agent, color (carotene)"
33,WASABI ICE,わさびアイス,110 ML,ICE CREAM,"{""Per"": ""110 ml"", ""Energy"": ""153 kcal"", ""Protein"": ""2.5 g"", ""Fat"": ""7.8 g"", ""Carbohydrate"": ""18.4 g"", ""Salt equivalent"": ""0.07 g""}"," Sugar (manufactured in Japan), skimmed milk powder, cream (containing dairy ingredients), vegetable fats and oils, starch syrup, glucose, wasabi powder/emulsifier (derived from soybeans), flavor, stabilizer (polysaccharide thickener), color (gardenia)"
34,BIG WATERMELON BAR,BIGスイカバー,120 ML,ICE CREAM,"{""Per"": ""120 ml"", ""Energy"": ""117 kcal"", ""Protein"": ""0.1 g"", ""Fat"": ""0.8 g"", ""Carbohydrate"": ""27.4 g"", ""Salt equivalent"": ""0.06 g""}","Sugar, watermelon juice, candy, chocolate confectionery, salt, stabilizer (polysaccharide thickener, agar agar, cellulose), color (vegetable dye, safflower yellow, purple corn dye, red yeast, gardenia), flavor, acidifier, emulsifier, brightener, inflating agent (some ingredients include milk, wheat, soybeans"
35,ZERO MINI CUP UJI MATCHA,ZEROミニカップ[宇治抹茶],120 ML,ICE CREAM,"{""Per"": ""120 ml"", ""Energy"": ""126 kcal"", ""Protein"": ""1.7 g"", ""Fat"": ""10.3 g"", ""Carbohydrate"": ""11.4 g"", ""Salt equivalent"": ""0.20 g""}","Vegetable oil and fat (manufactured in Japan), reduced sugar syrup, maltitol, dairy products, lactitol, milk protein, matcha, salt, protein hydrolysate/emulsifier, seasoning (inorganic salt, etc.), stabilizer (polysaccharide thickener, agar), pH adjuster, casein sodium, sweetener (aspartame, L-phenylalanine compound, acesulfame K), flavoring"
36,LADY BORDEN MULTI CHOCOLATE BAR,レディーボーデン マルチ チョコレートバー (50ml x 6p),300 ML,ICE CREAM,"{""Per"": ""50 ml"", ""Energy"": ""160 kcal"", ""Protein"": ""2.1 g"", ""Fat"": ""11.1 g"", ""Carbohydrate"": ""12.8 g"", ""Salt equivalent"": ""0.04 g""}","Dairy products (manufactured in Japan and New Zealand), chocolate, candy, sugar, almond crunch/emulsifier (derived from soybeans), stabilizer (polysaccharide thickener), flavor, color (vegetable color, carotene, annatto)"
37,200g FLUFFY PLUM PORRIDGE,200gふっくら梅がゆ,200 G,RICE PORRIDGE,"{""Per"": ""200 g"", ""Energy"": ""101 kcal"", ""Protein"": ""1.6 g"", ""Fat"": ""0.2 g"", ""Carbohydrate"": ""23.2 g"", ""Salt equivalent"": ""1.00 g""}","Rice (domestically produced), plum paste, thickening polysaccharide"
38,ION BALANCEPORRIDGE,イオンバランスおかゆ,100 G,RICE PORRIDGE,"{""Per"": ""100 g"", ""Energy"": ""51 kcal"", ""Protein"": ""0.8 g"", ""Fat"": ""0.2 g"", ""Carbohydrate"": ""11.6 g"", ""Salt equivalent"": ""0.45 g""}"," Rice (domestically produced), salt, vegetable lactic acid bacteria (sterilized), thickening polysaccharide, sodium citrate, potassium chloride, citric acid"
39,GOROGURA LUXURY FRUITS,ごろグラ　贅沢果実,320 G,CEREAL,"{""Per"": ""40 g"", ""Energy"": ""165 kcal"", ""Protein"": ""2.6 g"", ""Fat"": ""5.0 g"", ""Carbohydrate"": ""30.2 g"", ""Salt equivalent"": ""0.25 g""}"," Oat flakes (Australia produced or UK produced or other), wheat cereal puff (contains soybeans), rye cereal puff (corn grits, rye flour, wheat flour, other), sugar, vegetable oil, water-soluble dietary fiber, dried pineapple processed product, dextrin, dried strawberry processed product, blueberry puff processed product (sugar, wheat flour, corn grits, salt, blueberry juice powder), dried mango processed product, lactose, maple syrup/glycerin, processed starch, calcium carbonate, acidulant, vitamin C, emulsifier, flavoring, antioxidant (vitamin E, vitamin C, rosemary extract), ferric pyrophosphate, coloring (gardenia, anthocyanin, paprika color), thickener (gum arabic), casein Na, niacin, glazing agent, pantothenate calcium, vitamin B6, vitamin B1, vitamin B2, folic acid, vitamin D, vitamin B12"
40,GOROGURA CHOCOLATE NUTS,ごろグラ　チョコナッツ,320 G,CEREAL,"{""Per"": ""40 g"", ""Energy"": ""177 kcal"", ""Protein"": ""3.3 g"", ""Fat"": ""7.1 g"", ""Carbohydrate"": ""27.7 g"", ""Salt equivalent"": ""0.24 g""}"," Oat flakes (Australia produced or UK produced or other), wheat cereal puff (contains soybeans), rye cereal puff (corn grits, rye flour, wheat flour, other), sugar, vegetable oil, water-soluble dietary fiber, dried pineapple processed product, dextrin, dried strawberry processed product, blueberry puff processed product (sugar, wheat flour, corn grits, salt, blueberry juice powder), dried mango processed product, lactose, maple syrup/glycerin, processed starch, calcium carbonate, acidulant, vitamin C, emulsifier, flavoring, antioxidant (vitamin E, vitamin C, rosemary extract), ferric pyrophosphate, coloring (gardenia, anthocyanin, paprika color), thickener (gum arabic), casein Na, niacin, glazing agent, pantothenate calcium, vitamin B6, vitamin B1, vitamin B2, folic acid, vitamin D, vitamin B12"
41,GOROGURA 60% LESS SUGAR CHOCOLATE NUTS,ごろグラ　糖質60%オフ　チョコナッツ,350 G ,CEREAL,"{""Per"": ""50 g"", ""Energy"": ""212 kcal"", ""Protein"": ""13.8 g"", ""Fat"": ""10.9 g"", ""Carbohydrate"": ""21.7 g"", ""Salt equivalent"": ""0.15 g""}"," Rich chocolate flavored cereal is filled with 4 kinds of nuts. Delicious and super healthy high-functioning, high-quality granola. Oat Flakes (Australia Produced or UK Produced or Other), Wheat Cereal Puff (Contains Soybeans), Rye Cereal Puff (Corn Grits, Rye Flour, WHEAT FLOUR, Other), Sugar, Vegetable Oil, Water-Soluble Dietary Fiber, Dried Pineapple Processed Product, Dextrin, Dried Strawberry Processed Product, Blueberry Puff Processed Product (Sugar, WHEAT FLOUR, Corn Grits, Salt, Blueberry Juice Powder), Dried Mango Processed Product, Lactose, Maple Syrup/Glycerin, Processed Starch, Calcium Carbonate, Acidulant, Vitamin C, Emulsifier, Flavoring, Antioxidant (Vitamin E, Vitamin C, Rosemary Extract), Ferric Pyrophosphate, Coloring (Gardenia, Anthocyanin, Paprika Color), Thickener (Gum Arabic), Casein Na, Niacin, Glazing Agent, Pantothenate Calcium, Vitamin B6, Vitamin B1, Vitamin B2, Folic Acid, Vitamin D, Vitamin B12"
42,GOROGURA 50% LESS SUGAR COLORFUL FRUITS,ごろグラ　糖質50%オフ　彩り果実,350 G,CEREAL,"{""Per"": ""50 g"", ""Energy"": ""220 kcal"", ""Protein"": ""13.8 g"", ""Fat"": ""10.4 g"", ""Carbohydrate"": ""22.4 g"", ""Salt equivalent"": ""0.10 g""}","Oat flakes (Australia produced or UK produced or other), wheat cereal puff (contains soybeans), sugar, rye cereal puff (corn grits, rye flour, wheat flour, other), vegetable oil, almonds, water-soluble dietary fiber, cashew nuts, nut crunch (wheat flour, sugar, shortening, coconut, starch, salt, hazelnut paste, almond powder, cocoa powder, walnut, dextrin, lactose, cacao mass), calcium carbonate, flavoring, emulsifier, vitamin C, antioxidant (vitamin E, vitamin C), ferric pyrophosphate, caramel color, niacin, casein Na, pantothenate calcium, vitamin B6, vitamin B1, vitamin B2, folic acid, vitamin D, vitamin B12"
43,CISCORN FROSTED,シスコ一ン　フロスト,220 G,CEREAL,"{""Per"": ""40 g"", ""Energy"": ""152 kcal"", ""Protein"": ""1.5 g"", ""Fat"": ""0.4 g"", ""Carbohydrate"": ""36.2 g"", ""Salt equivalent"": ""0.52 g""}","Corn grits (domestically produced), sugar, salt, vitamin C, calcium carbonate, ferric pyrophosphate, emulsifier, niacin, antioxidant (vitamin E), pantothenate calcium, vitamin B6, vitamin B1, vitamin B2, folic acid, vitamin D, vitamin B12"
44,GOROGURA PLANT BASED NUTS & OATS,ごろグラ　Plant Based 3種のナッツとオーツ麦,280 G,CEREAL,"{""Per"": ""40 g"", ""Energy"": ""187 kcal"", ""Protein"": ""6.5 g"", ""Fat"": ""8.4 g"", ""Carbohydrate"": ""23.3 g"", ""Salt equivalent"": ""0.04 g""}"," Oat flakes (Australia produced or UK produced or other), sugar, wheat cereal puff (contains soybeans), rye cereal puff (corn grits, rye flour, wheat flour, other), vegetable oil, almonds, water-soluble dietary fiber, cashew nuts, nut crunch (wheat flour, sugar, shortening, coconut, starch, salt, hazelnut paste, almond powder, cocoa powder, walnut, dextrin, lactose, cacao mass), calcium carbonate, flavoring, emulsifier, vitamin C, antioxidant (vitamin E, vitamin C), ferric pyrophosphate, caramel color, niacin, casein Na, pantothenate calcium, vitamin B6, vitamin B1, vitamin B2, folic acid, vitamin D, vitamin B12"
45,KUROI BUTA CURRY UDON,黒い豚カレーうどん,87 G,CUP NOODLES,"{""Per"": ""87 g"", ""Energy"": ""387 kcal"", ""Protein"": ""8.0 g"", ""Fat"": ""16.4 g"", ""Carbohydrate"": ""51.8 g"", ""Salt equivalent"": ""5.50 g""}"," Fried noodles (wheat flour (made in Japan), vegetable oil and fat, starch, salt, vegetable protein, dried yeast, egg white), seasoning (salt, spices, powdered vegetables, sugar, pork fat, dextrin, pork extract, soy sauce, seafood extract, protein hydrolysate, green onion, sauce, fermented seasoning, yeast extract), seasoned kayaku (seasoned pork, onion, carrot), processed starch, seasoning (amino acid, etc.), polysaccharide thickener, phosphate (Na), calcium carbonate, caramel color, lecithin, flavor, antioxidant (vitamin E), vitamin B2, vitamin B1 (contains wheat, eggs, milk ingredients, soybeans, pork"
46,OSOBA-YASAN NO KAMODASHI SOBA,おそば屋さんの鴨だしそば,98 G,CUP NOODLES,"{""Per"": ""98 g"", ""Energy"": ""384 kcal"", ""Protein"": ""12.0 g"", ""Fat"": ""18.0 g"", ""Carbohydrate"": ""43.5 g"", ""Salt equivalent"": ""5.40 g""}"," Fried noodles (wheat flour (made in Japan), buckwheat flour, vegetable oil and fat, vegetable protein, salt, yam, egg white), seasoning (soy sauce, sugar, vegetable oil, seafood extract, mirin, salt, duck extract, duck fat, yeast extract, chicken fat), kayaku (seasoned chicken meat balls, fish paste, green onion), processed starch, seasoning (amino acids, etc.), sake spirit, calcium carbonate, polysaccharide thickener, caramel color, antioxidant (vitamin E), flavor, lecithin, safflower, phosphate (sodium), benikoji color, vitamin B2, vitamin B1, carotene color (some ingredients include wheat, soba, eggs, milk, soybeans, chicken, pork, yam"
47,KON NO KITSUNE SOBA,紺のきつねそば,88 G,CUP NOODLES,"{""Per"": ""88 g"", ""Energy"": ""392 kcal"", ""Protein"": ""13.7 g"", ""Fat"": ""17.7 g"", ""Carbohydrate"": ""44.5 g"", ""Salt equivalent"": ""5.10 g""}"," Fried noodles (wheat flour (made in Japan), buckwheat flour, vegetable oil and fat, vegetable protein, salt, yam, egg white), kayaku (seasoned fried tofu, fried onion ball, fish cake), seasoning (salt, soy sauce, sugar, seafood extract, hydrolyzed protein, spices, green onion, kelp extract, vegetable oil), processed starch, seasoning (amino acid, etc.), calcium carbonate, phosphate (Na), polysaccharide thickener, caramel color, antioxidant (vitamin E), acidifier, flavor, lecithin, benikoji dye, vitamin B2, vitamin B1, carotene dye (some ingredients include wheat, buckwheat, egg, milk ingredients, mackerel, soybean, yam, gelatin"
48,AJIWAI TONJIRU UDON,あじわい豚汁うどん,109 G,CUP NOODLES,"{""Per"": ""109 g"", ""Energy"": ""424 kcal"", ""Protein"": ""10.1 g"", ""Fat"": ""20.4 g"", ""Carbohydrate"": ""49.9 g"", ""Salt equivalent"": ""5.30 g""}"," Fried noodles (wheat flour (made in Japan), vegetable oil and fat, starch, salt, vegetable protein, dried yeast, egg white), seasoning (miso, pork extract, soy sauce, pork fat, vegetable oil, vegetable extract, sugar, spices, seafood extract, yeast extract, salt, flavored oil and fat, lactose), dried seasoning (seasoned pork, seasoned fried tofu, potato, carrot, leek, burdock root), processed starch, seasoning (amino acid, etc.), sake spirit, sodium phosphate, calcium carbonate, caramel color, antioxidant (vitamin C, vitamin E), polysaccharide thickener, lecithin, flavor, vitamin B2, vitamin B1 (some ingredients include wheat, egg, milk ingredients, sesame, mackerel, soybean, chicken, pork, gelatin, pork"
49,SUKIYAKI HARUSAME,すき焼き春雨,210 G,MEAL KIT,"{""Per"": ""70 g"", ""Energy"": ""149 kcal"", ""Protein"": ""3.5 g"", ""Fat"": ""3.4 g"", ""Carbohydrate"": ""27.0 g"", ""Salt equivalent"": ""2.40 g""}"," [Seasoning sauce] Beef, soy sauce, sugar, fermented seasoning, beef fat, beef extract seasoning, salt, yeast extract, thickener (processed starch, xanthan), seasoning (amino acid, etc.), caramel coloring, flavorings (contains wheat, beef, soybeans); [Vermicelli] Mung bean starch, pea starch"
50,TANMYEON BUDAE JJIGAE SAUCE MEDIUM,タンミョンプデチゲの素＜中辛＞,230 G,MEAL KIT,"{""Per"": ""65 g"", ""Energy"": ""126 kcal"", ""Protein"": ""2.9 g"", ""Fat"": ""1.4 g"", ""Carbohydrate"": ""25.0 g"", ""Salt equivalent"": ""3.70 g""}"," [Seasoning sauce] Sugar, gochujang (red pepper paste), soy sauce, beef extract, salt, garlic paste, soybean oil, protein hydrolysate, paprika powder, soybean flour, chili pepper, seasoning (amino acid), thickener (xanthan), carotenoid color, acidifier (contains wheat, beef, soybean, pork); [Tanmyun] Vermicelli (starch) (manufactured in China)"
51,SHIODARE HARUSAME,塩だれ春雨,210 G,MEAL KIT,"{""Per"": ""70 g"", ""Energy"": ""124 kcal"", ""Protein"": ""3.0 g"", ""Fat"": ""3.3 g"", ""Carbohydrate"": ""21.0 g"", ""Salt equivalent"": ""2.40 g""}"," [Seasoning sauce] Vegetables (carrot, garlic), chicken, sugar, rapeseed oil, extracts (scallop, pork, seafood), starch, salt, kikurage mushrooms, garlic paste, pork fat, protein hydrolysate, ginger paste, vinegar, pepper, seasoning (amino acid), emulsifier (contains soybean, chicken, pork); [Vermicelli] Mung bean starch, pea starch (manufactured in China)"
52,CHAPCHAE,チャプチェ,210 G,MEAL KIT,"{""Per"": ""70 g"", ""Energy"": ""130 kcal"", ""Protein"": ""2.7 g"", ""Fat"": ""3.1 g"", ""Carbohydrate"": ""23.0 g"", ""Salt equivalent"": ""2.10 g""}","[Seasoning sauce] Beef, vegetables (carrot, bamboo shoots, garlic, onion, green pepper), soy sauce, sugar, sesame oil, starch, gochujang (red pepper paste), extracts (scallion, seafood), salt, sesame paste, beef extract seasoning, protein hydrolysate, pepper, seasoning (amino acid, etc.), caramel color, thickener (xanthan), flavor; [Vermicelli] Mung bean starch, pea starch (made in China)"
53,MAPO HARUSAME MILD,麻婆春雨＜甘口＞,210 G,MEAL KIT,"{""Per"": ""70 g"", ""Energy"": ""116 kcal"", ""Protein"": ""1.6 g"", ""Fat"": ""2.2 g"", ""Carbohydrate"": ""23.0 g"", ""Salt equivalent"": ""1.90 g""}","[Seasoning sauce] Sugar, kikurage mushrooms, bamboo shoots, starch, garlic paste, sesame oil, pork extract seasoning, salt, yeast extract, protein hydrolysate, flavored oil, soy sauce, soybean sauce, seasoning (amino acid), thickener (processed starch), color (caramel, carotenoids), spice extract; [Vermicelli] Mung bean starch, pea starch (made in China)"
54,HAKUSAI CREAM STEW HARUSAME,白菜のクリーム煮春雨,210 G,MEAL KIT,"{""Per"": ""70 g"", ""Energy"": ""138 kcal"", ""Protein"": ""3.1 g"", ""Fat"": ""4.9 g"", ""Carbohydrate"": ""21.0 g"", ""Salt equivalent"": ""2.20 g""}"," [Seasoning sauce] Chicken, cream, carrot, chicken extract seasoning, sugar, soybean oil, milk, salt, pepper, thickener (processed starch, xanthan), seasoning (amino acids); [Vermicelli] Mung bean starch, pea starch (made in China)"
55,BULGOGI GLASS NOODLES,ブルコギ春雨,210 G,MEAL KIT,"{""Per"": ""70 g"", ""Energy"": ""143 kcal"", ""Protein"": ""3.0 g"", ""Fat"": ""4.2 g"", ""Carbohydrate"": ""24.0 g"", ""Salt equivalent"": ""2.20 g""}","[Seasoning sauce] Beef, soy sauce, sugar, garlic, apple paste, beef fat, starch, pork extract, salt, riced sesame, sesame oil, apple vinegar, soybean oil, gochujang, ginger paste, spices, seasoning (amino acids), caramel color; [Vermicelli] Mung bean starch, pea starch (made in China) "
56,MINECRAFT CURRY PORK & CORN MILD,マインクラフトカレー＜ポーク＆コーン甘口＞,160 G,RETORT FOOD,"{""Per"": ""160 g"", ""Energy"": ""139 kcal"", ""Protein"": ""4.2 g"", ""Fat"": ""7.7 g"", ""Carbohydrate"": ""13.0 g"", ""Salt equivalent"": ""2.10 g""}"," Vegetables (potatoes [domestic], carrots, corn), soybean oil, pork, wheat flour roux, sauteed onions, sugar, curry powder, extracts (pork, yeast), soy sauce, tomato paste, salt, chicken extract seasoning, millepoix paste, cheese powder, yeast extract powder, thickener (processed starch), seasoning (amino acids), cellulose"
57,POKEMON CURRY PORK & CORN MILD,ポケモンカレー＜ポーク＆コーン甘口＞,160 G,RETORT FOOD,"{""Per"": ""160 g"", ""Energy"": ""139 kcal"", ""Protein"": ""4.2 g"", ""Fat"": ""7.7 g"", ""Carbohydrate"": ""13.0 g"", ""Salt equivalent"": ""2.10 g""}"," Vegetables (potato [domestic], carrot, corn), soybean oil, pork, wheat flour roux, sauteed onion, sugar, curry powder, extracts (pork, yeast), soy sauce, tomato paste, salt, chicken extract seasoning, millepoix paste, cheese powder, yeast extract powder, thickener (processed starch), seasoning (amino acids), cellulose"
58,SUMIKKO GURASHI CURRY PORK & CORN MILD,すみっコぐらしカレー＜ポーク＆コーン甘口＞,160 G,RETORT FOOD,"{""Per"": ""160 g"", ""Energy"": ""139 kcal"", ""Protein"": ""4.2 g"", ""Fat"": ""7.7 g"", ""Carbohydrate"": ""13.0 g"", ""Salt equivalent"": ""2.10 g""}"," Vegetables (potatoes [domestic], carrots, corn), soybean oil, pork, wheat flour roux, sauteed onions, sugar, curry powder, extracts (pork, yeast), soy sauce, tomato paste, salt, chicken extract seasoning, millepoix paste, cheese powder, yeast extract powder, thickener (processed starch), seasoning (amino acids), cellulose"
59,PRECURE CURRY PORK & VEGETABLES MILD,プリキュアカレー＜ポーク＆野菜甘口＞,145 G,RETORT FOOD,"{""Per"": ""145 g"", ""Energy"": ""109 kcal"", ""Protein"": ""3.5 g"", ""Fat"": ""4.4 g"", ""Carbohydrate"": ""14.0 g"", ""Salt equivalent"": ""2.00 g""}","Vegetables (potatoes [domestic], carrots, corn), pork, sauteed onions, wheat flour roux, margarine, honey, sugar, curry powder, salt, extracts (pork, yeast), pumpkin paste, tomato paste, cheese powder, yeast extract powder, spinach paste, thickener (processed starch), seasoning (amino acids), cellulose"
60,OPANCHU USAGI CURRY PORK MEDIUM,おぱんちゅうさぎカレー＜ポーク中辛＞,160 G,RETORT FOOD,"{""Per"": ""160 g"", ""Energy"": ""178 kcal"", ""Protein"": ""2.9 g"", ""Fat"": ""12.0 g"", ""Carbohydrate"": ""15.0 g"", ""Salt equivalent"": ""2.70 g""}"," Vegetables (potatoes [domestic], carrots), soybean oil, pork, wheat flour roux, sugar, sauteed onions, margarine, apple paste, salt, curry powder, chicken extract seasoning, spices, thickener (processed starch), seasoning (amino acids), caramel color (some ingredients include dairy, wheat, soybeans, chicken, pork, and apples)"
61,KIMETSU NO YAIBA CURRY PORK & CORN MILD,鬼滅の刃カレー＜ポーク＆コーン甘口＞,160 G,RETORT FOOD,"{""Per"": ""160 g"", ""Energy"": ""178 kcal"", ""Protein"": ""2.9 g"", ""Fat"": ""12.0 g"", ""Carbohydrate"": ""15.0 g"", ""Salt equivalent"": ""2.70 g""}"," Vegetables (potatoes [domestic], carrots, corn), soybean oil, pork, wheat flour roux, sauteed onions, sugar, curry powder, extracts (pork, yeast), soy sauce, tomato paste, salt, chicken extract seasoning, millepoix paste, cheese powder, yeast extract powder, thickener (processed starch), seasoning (amino acids), cellulose (some ingredients include dairy, wheat, soybeans, chicken, and pork)"
62,BON CURRY NEO BUTTER MILD,ボンカレーネオバターのコク甘口,200 G,RETORT FOOD,"{""Per"": ""200 g"", ""Energy"": ""170 kcal"", ""Protein"": ""4.8 g"", ""Fat"": ""6.8 g"", ""Carbohydrate"": ""23.8 g"", ""Salt equivalent"": ""2.30 g""}"," Vegetables (potatoes [domestic], carrots), sauteed onions, beef, processed brown sugar, wheat flour, meat extract (beef, chicken), pork fat, chutney, curry powder, salt, milk concentrate, apple paste, red wine, butter oil, food made mainly from milk, grape juice, grated garlic, yeast extract, thickening agent (processed starch), seasoning (amino acids, etc.), caramel color, acidifier, paprika color, apple extract, flavor, spice extract (some ingredients include wheat, milk, beef, soybeans, chicken, banana, pork, and apple)"
63,FUKAHIRE ANKAKE DON WITH RICE,フカヒレあんかけ丼ごはん付き,295 G,HMR,"{""Per"": ""295 g"", ""Energy"": ""271 kcal"", ""Protein"": ""7.8 g"", ""Fat"": ""2.1 g"", ""Carbohydrate"": ""55.0 g"", ""Salt equivalent"": ""2.30 g""}"," Vegetables (carrot, bamboo shoots), extracts (chicken, pork, scallop, oyster, yeast, bonito), shark's fin, kikurage mushrooms, sugar, salt, soy sauce, sesame oil, seasoning oil, chicken fat, protein hydrolysate, reduced sugar syrup, spices, thickening agent (processed starch, xanthan), seasoning (amino acids, etc.), caramel color (some ingredients include wheat, sesame, soybeans, chicken, and pork)"
64,VEGETABLE KAMAMESHI WITH RICE,五目釜めし 味付けごはん付き,230 G,HMR,"{""Per"": ""230 g"", ""Energy"": ""323 kcal"", ""Protein"": ""7.5 g"", ""Fat"": ""3.2 g"", ""Carbohydrate"": ""66.0 g"", ""Salt equivalent"": ""1.70 g""}","  Uruchi rice (domestically produced), fructose glucose liquid sugar, fermented seasoning, soy sauce, salt, chicken extract, vegetables (carrot, burdock root, bamboo shoot, lotus root), chicken, konnyaku, shiitake mushroom, deep-fried tofu, sugar, soybean oil, extract (bonito flakes, yeast), yeast extract powder, acidifier (some ingredients include wheat, soybeans, and chicken)"
65,CHEESE CREAM RISOTTO WITH FIVE-GRAIN RICE,五穀ごはん チーズクリームリゾット,220 G,HMR,"{""Per"": ""220 g"", ""Energy"": ""213 kcal"", ""Protein"": ""5.2 g"", ""Fat"": ""3.7 g"", ""Carbohydrate"": ""40.0 g"", ""Salt equivalent"": ""2.00 g""}"," Uruchi rice (polished white rice [domestic], germinated brown rice [domestic]), barley, millet, sesame, red rice (domestic), chicken extract, acidifier, mushrooms, reduced sugar syrup, sauteed onions, cheese powder, soybean oil, salt, starch, emulsified fat, cheese food, yeast extract powder, spices, thickener (processed starch, xanthan), seasoning (amino acids), pH adjuster, emulsifier, flavor, acidifier (some ingredients include dairy, soybeans, and chicken)"
66,GARLIC BEEF WITH SEASONED RICE,牛ガーリック 味付けごはん付き,225 G,HMR,"{""Per"": ""225 g"", ""Energy"": ""354 kcal"", ""Protein"": ""8.3 g"", ""Fat"": ""5.2 g"", ""Carbohydrate"": ""68.0 g"", ""Salt equivalent"": ""2.20 g""}"," Powder, fried garlic, starch, pepper, dextrin, seasoning (amino acids), caramel color, pH adjuster, thickener (xanthan), flavorings, spice extract (some ingredients include wheat, beef, soybeans, and pork)"
67,REGULAR MISO SOUP NAMEKO RED MISO,いつものおみそ汁 なめこ（赤だし）,8 G,FREEZE-DRY PRODUCTS,"{""Per"": ""8 g"", ""Energy"": ""27 kcal"", ""Protein"": ""1.9 g"", ""Fat"": ""0.7 g"", ""Carbohydrate"": ""3.4 g"", ""Salt equivalent"": ""1.70 g""}"," Nameko mushrooms (domestically produced), soybean paste, leeks, flavor seasoning, soy sauce, starch/dextrin mixture, yeast extract powder, seasoning (amino acids), caramel color, antioxidant (vitamin E), acidifier (some ingredients include wheat, milk, mackerel, soybeans, and seafood)"
68,UMADASHI EGGPLANT MISO SOUP,旨だし なすのおみそ汁,9 G,FREEZE-DRY PRODUCTS,"{""Per"": ""9 g"", ""Energy"": ""37 kcal"", ""Protein"": ""1.9 g"", ""Fat"": ""1.7 g"", ""Carbohydrate"": ""3.4 g"", ""Salt equivalent"": ""1.60 g""}"," Rice miso (made in Japan), fried eggplant, kelp extract from bonito flakes, green onion, fried tofu, mirin, dried wakame seaweed, fermented seasoning, dashi stock, bonito flakes powder, yeast extract powder, starch/dextrin mixture, salt/coagulant, antioxidant (Vitamin E) (some ingredients include wheat, milk, soybeans, chicken)"
69,LOW SALT OUR MISO SOUP 4 VEGETABLES 5 SERVINGS,減塩うちのおみそ汁 4種の野菜5食,38.5 G,FREEZE-DRY PRODUCTS,"{""Per"": ""7.7 g"", ""Energy"": ""28 kcal"", ""Protein"": ""1.3 g"", ""Fat"": ""0.4 g"", ""Carbohydrate"": ""4.7 g"", ""Salt equivalent"": ""1.00 g""}","Rice miso (made in Japan), spinach, cabbage, green onion, reduced sugar syrup, carrot, soy milk, dextrin, flavor seasoning, mirin, starch, Chinese cabbage extract powder, bonito flakes powder, yeast extract powder, onion extract powder, kelp powder, processed starch, seasoning (amino acids, etc.), antioxidant (vitamin E, vitamin C), acidifier (some ingredients include mackerel, soybeans, chicken, fish sauce [seafood])"
70,UMAMI DASHI KOMATSUNA MISO SOUP,旨だし 小松菜のおみそ汁,9 G,FREEZE-DRY PRODUCTS,"{""Per"": ""9 g"", ""Energy"": ""32 kcal"", ""Protein"": ""2.1 g"", ""Fat"": ""0.9 g"", ""Carbohydrate"": ""3.9 g"", ""Salt equivalent"": ""1.80 g""}"," Rice miso (made in Japan), komatsuna, deep-fried tofu, soup stock, dextrin, dried wakame seaweed, fermented seasoning, bonito flakes powder, yeast extract powder, starch/dextrin mixture, salt/coagulant, antioxidant (vitamin E) (some ingredients include wheat, milk ingredients, soybeans, chicken)"
71,STICK TYPE KYUSHU NAKASU SPICY TONKOTSU RAMEN,棒状 九州中洲屋台ピリ辛とんこつラーメン,167 G,DRIED NOODLES WITH SOUP BASE,"{""Per"": ""83 g"", ""Energy"": ""281 kcal"", ""Protein"": ""10.9 g"", ""Fat"": ""2.0 g"", ""Carbohydrate"": ""54.9 g"", ""Salt equivalent"": ""5.30 g""}","Noodle (wheat flour [made in Japan], salt), soup (pork extract, salt, spicy takana [Chinese cabbage] from Kyushu, soy sauce, protein hydrolysate, green onion chips, spices, vegetable oil and fat), seasoning (amino acids, etc.), calcium carbonate, brine, cellulose, emulsifier, pH adjuster, thickener (xanthan), caramel coloring, gardenia coloring, turmeric coloring, acidity regulator, antioxidant (vitamin E), flavoring (some ingredients include wheat, milk ingredients, soybeans, chicken, pork, gelatin)"
72,SAPPORO ICHIBAN SALT TONKOTSU,サッポロ一番塩とんこつらーめん,97 G,DRIED NOODLES WITH SOUP BASE,"{""Per"": ""97 g"", ""Energy"": ""455 kcal"", ""Protein"": ""10.0 g"", ""Fat"": ""21.0 g"", ""Carbohydrate"": ""56.6 g"", ""Salt equivalent"": ""6.10 g""}","  Fried noodles (wheat flour [produced in Japan], edible oils and fats [lard, vegetable oils and fats], salt, egg powder), soup (sugar, salt, pork seasoning, processed oils and fats, pork extract, spices, fish meal, chicken seasoning, leeks, kelp powder, protein hydrolysate, seasoning oil and fat), yakumi (sesame), seasonings (amino acids, etc.), carbonic acid calcium, gardenia color, flavor, brine, thickener (xanthan), caramel color, antioxidant (vitamin E), emulsifier, acidifier, vitamin B2, vitamin B1 (some ingredients include wheat, egg, milk, sesame, mackerel, soybeans, chicken, pork)"
73,SAPPORO ICHIBAN MISO RAMEN SPICY,サッポロ一番みそラーメン旨辛,102 G,DRIED NOODLES WITH SOUP BASE,"{""Per"": ""102 g"", ""Energy"": ""441 kcal"", ""Protein"": ""9.6 g"", ""Fat"": ""17.7 g"", ""Carbohydrate"": ""60.9 g"", ""Salt equivalent"": ""5.80 g""}","Fried noodles (wheat flour [made in Japan], edible oils and fats [lard, vegetable oils and fats], starch, salt, soy sauce, soybean paste), soup (sugar, soybean paste, salt, spices, gochujang, pork fat, vegetable oil and fat, soy sauce, Szechuan sauce, pork seasoning, vegetable seasoning, yeast extract, beef seasoning, fermented seasoning, aromatic oil, protein hydrolysate, garlic paste), seasoning (amino acids, etc.), calcium carbonate, alcohol spirit, brine, caramel color, flavor, polysaccharide thickener, spice extract, paprika color, gardenia color, antioxidant (vitamin E), acidifier, vitamin B2, vitamin B1 (some ingredients include wheat, milk, beef, sesame, soybeans, chicken, pork)"
74,GANSO NEW TANTAN MEN SUPERVISED,サッポロ一番元祖ニュータンタンメン本舗監修タンタンメン,94 G,DRIED NOODLES WITH SOUP BASE,"{""Per"": ""94 g"", ""Energy"": ""432 kcal"", ""Protein"": ""9.9 g"", ""Fat"": ""17.5 g"", ""Carbohydrate"": ""58.7 g"", ""Salt equivalent"": ""4.90 g""}"," Fried noodles (wheat flour [manufactured in Japan], edible oils and fats [lard, vegetable oils and fats], salt, egg powder), soup (sugar, spices, salt, garlic seasoning, pork seasoning, soy sauce, protein hydrolysate, yeast extract, chicken seasoning, kimchi seasoning, processed oil and fat, egg powder), seasoning (amino acids, etc.), calcium carbonate, caramel color, spice extract, gardenia color, brine, acidifier, paprika color, antioxidant (vitamin E), flavor, vitamin B2, vitamin B1 (some ingredients include wheat, eggs, milk, sesame, soybeans, chicken, pork)"
75,SARA UDON THICK NOODLE 120.8G,皿うどん太麺皿うどん120.8g,120.8 G,DRIED NOODLES WITH SOUP BASE,"{""Per"": ""60.4 g"", ""Energy"": ""289 kcal"", ""Protein"": ""5.4 g"", ""Fat"": ""12.4 g"", ""Carbohydrate"": ""39.0 g"", ""Salt equivalent"": ""2.80 g""}"," Fried noodles (wheat flour [manufactured in Japan], vegetable oil and fat [palm oil, sesame oil], glucose, salt), soup (starch, sugar, salt, powdered sauce, chicken powder, garlic powder, onion powder, vegetable oil and fat), seasoning (amino acids, etc.), brine, thickener (xanthan), caramel color, acidifier, paprika color, antioxidant (vitamin E), calcium phosphate (some ingredients include wheat, sesame, chicken, soybeans)"
